{"stats":{"minecraft:killed":{"minecraft:spider":2,"minecraft:shulker":4,"minecraft:skeleton":1,"minecraft:iron_golem":6,"minecraft:ender_dragon":1,"minecraft:zombie":3,"minecraft:cow":5,"minecraft:enderman":3},"minecraft:killed_by":{"minecraft:iron_golem":1,"minecraft:ender_dragon":2,"minecraft:zombie":1},"minecraft:crafted":{"minecraft:oak_planks":148,"minecraft:stone_shovel":1,"minecraft:furnace":1,"minecraft:diamond_shovel":3,"minecraft:shulker_box":2,"minecraft:flint_and_steel":1,"minecraft:diamond_helmet":1,"minecraft:diamond_leggings":1,"minecraft:iron_boots":63,"minecraft:ladder":3,"minecraft:stone_pickaxe":85,"minecraft:chest":3,"minecraft:diamond_boots":1,"minecraft:stone_hoe":1,"minecraft:wheat":297,"minecraft:cooked_beef":6,"minecraft:emerald":766,"minecraft:crafting_table":2,"minecraft:wooden_pickaxe":1,"minecraft:iron_sword":20,"minecraft:bell":19,"minecraft:chainmail_chestplate":21,"minecraft:bucket":1,"minecraft:stone_axe":85,"minecraft:bread":64,"minecraft:air":0,"minecraft:diamond_pickaxe":3,"minecraft:shield":1,"minecraft:stick":32,"minecraft:iron_pickaxe":1,"minecraft:wooden_axe":1,"minecraft:iron_shovel":4,"minecraft:torch":16,"minecraft:diamond_chestplate":1},"minecraft:picked_up":{"minecraft:end_stone_bricks":5,"minecraft:crafting_table":6,"minecraft:ladder":1,"minecraft:diamond_sword":1,"minecraft:enchanted_book":17,"minecraft:purpur_block":9,"minecraft:shield":2,"minecraft:string":387,"minecraft:elytra":1,"minecraft:item_frame":1,"minecraft:iron_shovel":2,"minecraft:cracked_stone_bricks":1,"minecraft:diamond_leggings":1,"minecraft:cobbled_deepslate":37,"minecraft:beef":10,"minecraft:poppy":3,"minecraft:iron_pickaxe":2,"minecraft:furnace":5,"minecraft:iron_boots":35,"minecraft:stick":1,"minecraft:end_stone":5,"minecraft:composter":1,"minecraft:oak_fence":2,"minecraft:torch":2,"minecraft:purpur_pillar":4,"minecraft:carrot":76,"minecraft:rotten_flesh":2,"minecraft:diamond_chestplate":1,"minecraft:diamond_boots":1,"minecraft:hay_block":33,"minecraft:end_rod":1,"minecraft:obsidian":10,"minecraft:iron_bars":5,"minecraft:cobblestone":36,"minecraft:stripped_oak_log":5,"minecraft:cooked_beef":3,"minecraft:iron_door":14,"minecraft:tripwire_hook":2,"minecraft:leather":3,"minecraft:flint":9,"minecraft:oak_log":122,"minecraft:chainmail_chestplate":3,"minecraft:yellow_bed":5,"minecraft:dirt":49,"minecraft:bone":2,"minecraft:stonecutter":2,"minecraft:bow":1,"minecraft:wheat_seeds":1,"minecraft:stone_pickaxe":36,"minecraft:bell":19,"minecraft:grindstone":2,"minecraft:iron_ingot":15,"minecraft:diamond_helmet":1,"minecraft:iron_sword":2,"minecraft:oak_planks":19,"minecraft:gravel":51,"minecraft:blast_furnace":2,"minecraft:white_bed":4,"minecraft:barrel":10,"minecraft:spider_eye":1,"minecraft:dragon_egg":1,"minecraft:mossy_cobblestone":5,"minecraft:diamond_shovel":1,"minecraft:diamond":1,"minecraft:stone_axe":18,"minecraft:lever":2,"minecraft:chainmail_leggings":4,"minecraft:diamond_axe":1,"minecraft:emerald":229,"minecraft:oak_sapling":8,"minecraft:coal":32,"minecraft:ender_pearl":2,"minecraft:diamond_pickaxe":1,"minecraft:shulker_shell":4},"minecraft:used":{"minecraft:oak_trapdoor":7,"minecraft:jungle_leaves":68,"minecraft:enchanting_table":1,"minecraft:flint_and_steel":2,"minecraft:stone_shovel":104,"minecraft:ladder":4,"minecraft:chest":17,"minecraft:shield":20,"minecraft:iron_sword":3,"minecraft:stone_hoe":106,"minecraft:torch":28,"minecraft:dragon_egg":1,"minecraft:dirt":29,"minecraft:anvil":2,"minecraft:hopper":28,"minecraft:carrot":43,"minecraft:diamond_helmet":1,"minecraft:shulker_box":2,"minecraft:oak_fence_gate":9,"minecraft:obsidian":20,"minecraft:glass":25,"minecraft:wooden_axe":37,"minecraft:villager_spawn_egg":20,"minecraft:grass_block":121,"minecraft:barrel":16,"minecraft:stone_bricks":640,"minecraft:tripwire_hook":7,"minecraft:bow":71,"minecraft:furnace":3,"minecraft:cooked_beef":7,"minecraft:cobbled_deepslate":8,"minecraft:water_bucket":39,"minecraft:diamond_boots":1,"minecraft:stone_pickaxe":67,"minecraft:oak_planks":105,"minecraft:ender_pearl":21,"minecraft:wooden_pickaxe":3,"minecraft:composter":1,"minecraft:diamond_axe":60,"minecraft:fletching_table":21,"minecraft:stonecutter":1,"minecraft:mossy_cobblestone":1,"minecraft:crafting_table":8,"minecraft:blast_furnace":2,"minecraft:white_bed":4,"minecraft:campfire":9,"minecraft:black_bed":47,"minecraft:lever":3,"minecraft:ender_eye":12,"minecraft:diamond_pickaxe":95,"minecraft:diamond_shovel":5,"minecraft:bread":45,"minecraft:string":12,"minecraft:iron_pickaxe":3,"minecraft:stone_slab":26,"minecraft:gravel":10,"minecraft:stone_axe":128,"minecraft:diamond_sword":163,"minecraft:potion":1,"minecraft:cobblestone":56,"minecraft:grindstone":2,"minecraft:smithing_table":1,"minecraft:white_stained_glass":203,"minecraft:bucket":30,"minecraft:yellow_bed":5,"minecraft:diamond_leggings":1},"minecraft:custom":{"minecraft:interact_with_anvil":19,"minecraft:mob_kills":27,"minecraft:inspect_hopper":2,"minecraft:interact_with_crafting_table":21,"minecraft:open_barrel":2,"minecraft:open_shulker_box":5,"minecraft:bell_ring":10,"minecraft:leave_game":10,"minecraft:time_since_death":32114,"minecraft:climb_one_cm":6584,"minecraft:sprint_one_cm":253398,"minecraft:walk_one_cm":466647,"minecraft:damage_blocked_by_shield":1080,"minecraft:drop":395,"minecraft:talked_to_villager":291,"minecraft:play_time":430869,"minecraft:deaths":9,"minecraft:sneak_time":7862,"minecraft:walk_under_water_one_cm":20492,"minecraft:interact_with_brewingstand":1,"minecraft:jump":1805,"minecraft:interact_with_blast_furnace":1,"minecraft:walk_on_water_one_cm":31836,"minecraft:total_world_time":434134,"minecraft:interact_with_furnace":4,"minecraft:traded_with_villager":1070,"minecraft:sleep_in_bed":18,"minecraft:time_since_rest":31937,"minecraft:damage_taken":4805,"minecraft:damage_dealt":9403,"minecraft:swim_one_cm":5781,"minecraft:fly_one_cm":1149012,"minecraft:open_chest":76,"minecraft:crouch_one_cm":13753,"minecraft:fall_one_cm":63979},"minecraft:mined":{"minecraft:white_bed":4,"minecraft:farmland":1,"minecraft:mossy_cobblestone":5,"minecraft:deepslate_diamond_ore":1,"minecraft:end_stone":5,"minecraft:obsidian":10,"minecraft:ladder":1,"minecraft:grass_block":25,"minecraft:composter":1,"minecraft:hopper":1,"minecraft:spawner":1,"minecraft:hay_block":33,"minecraft:furnace":5,"minecraft:carrots":1,"minecraft:barrel":10,"minecraft:iron_bars":5,"minecraft:stripped_oak_log":5,"minecraft:end_stone_bricks":5,"minecraft:stone":30,"minecraft:tripwire":2,"minecraft:magenta_stained_glass":1,"minecraft:purpur_stairs":2,"minecraft:oak_fence":2,"minecraft:crafting_table":6,"minecraft:short_grass":8,"minecraft:blast_furnace":2,"minecraft:poppy":1,"minecraft:purpur_pillar":4,"minecraft:tall_grass":1,"minecraft:cobblestone":6,"minecraft:grindstone":2,"minecraft:oak_planks":22,"minecraft:iron_door":7,"minecraft:wall_torch":1,"minecraft:purpur_block":10,"minecraft:yellow_bed":5,"minecraft:oak_log":79,"minecraft:coal_ore":23,"minecraft:end_rod":1,"minecraft:gravel":59,"minecraft:dirt":24,"minecraft:cracked_stone_bricks":1,"minecraft:stonecutter":2,"minecraft:deepslate":37},"minecraft:dropped":{"minecraft:enchanted_book":17,"minecraft:stone_hoe":1,"minecraft:iron_sword":2,"minecraft:mossy_cobblestone":4,"minecraft:glass_bottle":1,"minecraft:smithing_table":1,"minecraft:oak_fence":2,"minecraft:leather":3,"minecraft:grass_block":64,"minecraft:stick":6,"minecraft:dirt":14,"minecraft:wooden_axe":1,"minecraft:iron_door":7,"minecraft:stonecutter":1,"minecraft:iron_shovel":2,"minecraft:chainmail_leggings":3,"minecraft:string":134,"minecraft:bone":2,"minecraft:furnace":1,"minecraft:stone_axe":102,"minecraft:rotten_flesh":2,"minecraft:iron_boots":85,"minecraft:carrot":417,"minecraft:chainmail_chestplate":23,"minecraft:blast_furnace":1,"minecraft:poppy":3,"minecraft:wooden_pickaxe":1,"minecraft:beef":2,"minecraft:stone_pickaxe":120}},"DataVersion":3953}