{"stats":{"minecraft:killed":{"minecraft:shulker":5,"minecraft:skeleton":8,"minecraft:cat":1,"minecraft:iron_golem":13,"minecraft:pillager":68,"minecraft:zombie":27,"minecraft:evoker":13,"minecraft:vindicator":47,"minecraft:husk":26,"minecraft:wandering_trader":1,"minecraft:ravager":11,"minecraft:breeze":6,"minecraft:enderman":43,"minecraft:zombified_piglin":14,"minecraft:witch":9,"minecraft:spider":2,"minecraft:wither":4,"minecraft:silverfish":30,"minecraft:wolf":1,"minecraft:piglin":8,"minecraft:zombie_villager":5,"minecraft:creeper":11,"minecraft:trader_llama":2,"minecraft:ghast":1,"minecraft:blaze":2,"minecraft:armadillo":1,"minecraft:vex":13,"minecraft:bogged":27,"minecraft:drowned":6,"minecraft:bat":1,"minecraft:squid":9,"minecraft:wither_skeleton":381,"minecraft:player":1,"minecraft:villager":104},"minecraft:custom":{"minecraft:interact_with_crafting_table":161,"minecraft:open_barrel":12,"minecraft:bell_ring":76,"minecraft:leave_game":39,"minecraft:time_since_death":225730,"minecraft:damage_blocked_by_shield":15,"minecraft:play_time":2702617,"minecraft:deaths":21,"minecraft:jump":14872,"minecraft:interact_with_furnace":12,"minecraft:traded_with_villager":380,"minecraft:sleep_in_bed":59,"minecraft:damage_dealt":122784,"minecraft:inspect_dispenser":6,"minecraft:interact_with_smithing_table":1,"minecraft:inspect_dropper":1,"minecraft:interact_with_anvil":25,"minecraft:inspect_hopper":124,"minecraft:sneak_time":163130,"minecraft:total_world_time":2702617,"minecraft:tune_noteblock":40,"minecraft:time_since_rest":88103,"minecraft:swim_one_cm":40406,"minecraft:fly_one_cm":6518228,"minecraft:open_chest":1100,"minecraft:fall_one_cm":688486,"minecraft:open_shulker_box":201,"minecraft:damage_resisted":6596,"minecraft:sprint_one_cm":2768377,"minecraft:drop":959,"minecraft:talked_to_villager":218,"minecraft:interact_with_brewingstand":1,"minecraft:walk_on_water_one_cm":172782,"minecraft:interact_with_beacon":24,"minecraft:player_kills":1,"minecraft:crouch_one_cm":665954,"minecraft:mob_kills":11081,"minecraft:climb_one_cm":24121,"minecraft:walk_one_cm":4361170,"minecraft:raid_win":2,"minecraft:walk_under_water_one_cm":294462,"minecraft:boat_one_cm":5,"minecraft:raid_trigger":1,"minecraft:interact_with_grindstone":3,"minecraft:damage_taken":26226,"minecraft:damage_absorbed":400,"minecraft:minecart_one_cm":12688,"minecraft:pig_one_cm":62185,"minecraft:aviate_one_cm":21228567},"minecraft:broken":{"minecraft:brush":1},"minecraft:used":{"minecraft:tuff_bricks":25,"minecraft:dispenser":18,"minecraft:ladder":16,"minecraft:bamboo_sign":37,"minecraft:spruce_slab":107,"minecraft:elytra":15,"minecraft:poppy":4,"minecraft:black_carpet":2,"minecraft:chest":441,"minecraft:stone":905,"minecraft:quartz_stairs":7,"minecraft:soul_sand":33,"minecraft:crafter":14,"minecraft:deepslate_brick_slab":842,"minecraft:stripped_spruce_log":622,"minecraft:packed_ice":5,"minecraft:lava_bucket":887,"minecraft:villager_spawn_egg":72,"minecraft:red_wool":61,"minecraft:grass_block":2533,"minecraft:orange_shulker_box":2,"minecraft:quartz_block":1,"minecraft:cherry_leaves":78,"minecraft:stone_brick_stairs":11,"minecraft:netherite_boots":1,"minecraft:bow":773,"minecraft:ominous_bottle":1,"minecraft:dragon_head":2,"minecraft:deepslate_brick_wall":38,"minecraft:mossy_stone_bricks":8,"minecraft:spruce_door":9,"minecraft:powered_rail":392,"minecraft:composter":10,"minecraft:oak_leaves":405,"minecraft:sand":74,"minecraft:netherite_helmet":1,"minecraft:black_concrete_powder":11,"minecraft:deepslate_brick_stairs":29,"minecraft:lightning_rod":2,"minecraft:cherry_hanging_sign":3,"minecraft:stone_button":39,"minecraft:spore_blossom":2,"minecraft:lectern":8,"minecraft:oak_pressure_plate":25,"minecraft:flowering_azalea_leaves":6,"minecraft:lilac":3,"minecraft:wooden_sword":7,"minecraft:white_stained_glass":1141,"minecraft:piglin_spawn_egg":19,"minecraft:oak_trapdoor":58,"minecraft:iron_bars":3,"minecraft:carved_pumpkin":10,"minecraft:wither_skeleton_spawn_egg":5,"minecraft:trial_key":1,"minecraft:torch":34,"minecraft:anvil":7,"minecraft:stone_stairs":82,"minecraft:red_shulker_box":1,"minecraft:bamboo_fence":3,"minecraft:iron_block":718,"minecraft:cherry_slab":27,"minecraft:slime_block":304,"minecraft:polished_deepslate_wall":7,"minecraft:totem_of_undying":7,"minecraft:barrel":151,"minecraft:bamboo":9,"minecraft:tripwire_hook":42,"minecraft:glowstone":4,"minecraft:iron_trapdoor":10,"minecraft:cherry_fence":11,"minecraft:observer":114,"minecraft:water_bucket":408,"minecraft:birch_planks":85,"minecraft:yellow_shulker_box":36,"minecraft:polished_deepslate_slab":8,"minecraft:mossy_cobblestone":1,"minecraft:rail":144,"minecraft:comparator":13,"minecraft:tnt":227,"minecraft:crafting_table":11,"minecraft:red_bed":23,"minecraft:white_bed":46,"minecraft:deepslate_tile_wall":4,"minecraft:oak_log":4,"minecraft:amethyst_cluster":5,"minecraft:mud":9,"minecraft:cornflower":2,"minecraft:oxeye_daisy":1,"minecraft:diamond_shovel":8322,"minecraft:stripped_jungle_log":57,"minecraft:wind_charge":44,"minecraft:spruce_trapdoor":252,"minecraft:bamboo_slab":73,"minecraft:copper_bulb":2,"minecraft:pink_bed":2,"minecraft:cobblestone":289,"minecraft:potion":3,"minecraft:dandelion":8,"minecraft:candle":1,"minecraft:tuff_slab":2,"minecraft:carrot_on_a_stick":17,"minecraft:oak_sign":2,"minecraft:white_concrete_powder":162,"minecraft:shield":1,"minecraft:zombie_spawn_egg":22,"minecraft:bell":14,"minecraft:nether_bricks":123,"minecraft:carrot":465,"minecraft:obsidian":921,"minecraft:polished_deepslate_stairs":3,"minecraft:glass":612,"minecraft:lantern":40,"minecraft:mossy_cobblestone_slab":266,"minecraft:gray_concrete_powder":3,"minecraft:hopper_minecart":51,"minecraft:stone_bricks":2613,"minecraft:repeater":57,"minecraft:red_carpet":31,"minecraft:scaffolding":299,"minecraft:gold_block":75,"minecraft:polished_blackstone_stairs":2,"minecraft:bamboo_trapdoor":87,"minecraft:dropper":10,"minecraft:wither_skeleton_skull":12,"minecraft:birch_leaves":98,"minecraft:oak_planks":27,"minecraft:ender_pearl":7,"minecraft:redstone_block":266,"minecraft:sugar_cane":1,"minecraft:bamboo_stairs":19,"minecraft:white_wool":62,"minecraft:netherite_leggings":2,"minecraft:stone_brick_wall":728,"minecraft:crossbow":1,"minecraft:sponge":87,"minecraft:lingering_potion":6,"minecraft:black_bed":5,"minecraft:note_block":12,"minecraft:end_stone":6,"minecraft:shears":344,"minecraft:redstone_torch":25,"minecraft:sticky_piston":49,"minecraft:lever":19,"minecraft:firework_rocket":1277,"minecraft:birch_fence_gate":24,"minecraft:bread":4,"minecraft:string":199,"minecraft:warped_slab":12,"minecraft:gravel":34,"minecraft:dead_horn_coral_fan":10,"minecraft:andesite":44,"minecraft:chain":3,"minecraft:smooth_stone_slab":78,"minecraft:white_concrete":226,"minecraft:warped_button":1,"minecraft:bone_meal":4,"minecraft:waxed_copper_bulb":1,"minecraft:cobweb":4,"minecraft:netherite_sword":1557,"minecraft:flint_and_steel":137,"minecraft:redstone":335,"minecraft:spruce_planks":143,"minecraft:bamboo_door":4,"minecraft:dirt":364,"minecraft:white_carpet":6,"minecraft:hopper":271,"minecraft:spruce_stairs":49,"minecraft:cobblestone_wall":260,"minecraft:shulker_box":19,"minecraft:spruce_fence":136,"minecraft:stone_brick_slab":145,"minecraft:oak_stairs":27,"minecraft:smooth_sandstone":20,"minecraft:cherry_trapdoor":18,"minecraft:golden_carrot":7,"minecraft:emerald_block":198,"minecraft:wolf_spawn_egg":7,"minecraft:minecart":83,"minecraft:netherite_pickaxe":7464,"minecraft:zombified_piglin_spawn_egg":20,"minecraft:bamboo_planks":301,"minecraft:pumpkin":3,"minecraft:turtle_egg":5,"minecraft:netherite_chestplate":13,"minecraft:andesite_slab":21,"minecraft:beacon":10,"minecraft:vindicator_spawn_egg":2,"minecraft:red_mushroom":2,"minecraft:bamboo_block":27,"minecraft:light_gray_concrete_powder":3,"minecraft:polished_tuff_slab":1,"minecraft:piston":69,"minecraft:netherite_axe":1561,"minecraft:detector_rail":31,"minecraft:stone_slab":1841,"minecraft:cherry_stairs":9,"minecraft:bucket":169,"minecraft:yellow_bed":9,"minecraft:wither_rose":560,"minecraft:smooth_stone":796,"minecraft:splash_potion":83},"minecraft:crafted":{"minecraft:black_dye":22,"minecraft:light_gray_concrete_powder":8,"minecraft:pink_bed":2,"minecraft:wolf_armor":1,"minecraft:slime_block":20,"minecraft:lever":5,"minecraft:shulker_box":1,"minecraft:quartz_block":29,"minecraft:repeater":6,"minecraft:beacon":4,"minecraft:black_wool":8,"minecraft:emerald":380,"minecraft:copper_ingot":3,"minecraft:sticky_piston":14,"minecraft:stone_brick_stairs":20,"minecraft:bamboo_planks":5192,"minecraft:stone_slab":378,"minecraft:iron_block":538,"minecraft:gold_ingot":220,"minecraft:light_gray_dye":10,"minecraft:golden_carrot":8,"minecraft:wind_charge":136,"minecraft:bone_meal":316,"minecraft:pink_dye":8,"minecraft:white_carpet":6,"minecraft:bamboo_stairs":12,"minecraft:stone_stairs":288,"minecraft:black_concrete_powder":8,"minecraft:ladder":12,"minecraft:red_bed":2,"minecraft:gray_concrete_powder":8,"minecraft:red_carpet":12,"minecraft:bamboo_slab":402,"minecraft:white_bed":13,"minecraft:oak_planks":116,"minecraft:cobblestone_slab":24,"minecraft:barrel":82,"minecraft:lightning_rod":1,"minecraft:cobblestone_stairs":20,"minecraft:stone":25,"minecraft:bamboo_door":3,"minecraft:hopper":153,"minecraft:stone_brick_slab":108,"minecraft:bow":1,"minecraft:chest":280,"minecraft:stone_bricks":1800,"minecraft:quartz_stairs":16,"minecraft:oak_slab":126,"minecraft:crafting_table":7,"minecraft:red_wool":60,"minecraft:gold_block":62,"minecraft:dispenser":1,"minecraft:paper":585,"minecraft:pink_wool":7,"minecraft:emerald_block":55,"minecraft:yellow_dye":1,"minecraft:stick":160,"minecraft:iron_ingot":18,"minecraft:black_bed":2,"minecraft:redstone_torch":49,"minecraft:shears":3,"minecraft:redstone":135,"minecraft:fishing_rod":1,"minecraft:stone_brick_wall":450,"minecraft:bamboo_fence":3,"minecraft:piston":35,"minecraft:bamboo_sign":30,"minecraft:gray_dye":6,"minecraft:scaffolding":702,"minecraft:white_concrete_powder":200,"minecraft:minecart":34,"minecraft:sugar":64,"minecraft:red_dye":64,"minecraft:bucket":5,"minecraft:air":0,"minecraft:white_wool":266,"minecraft:white_dye":128,"minecraft:bamboo_trapdoor":388,"minecraft:carrot_on_a_stick":1,"minecraft:firework_rocket":1710},"minecraft:killed_by":{"minecraft:zombie":1,"minecraft:warden":4,"minecraft:wither_skeleton":1,"minecraft:creeper":1,"minecraft:drowned":1},"minecraft:picked_up":{"minecraft:anvil":2,"minecraft:lead":10,"minecraft:smithing_table":1,"minecraft:stone_slab":13,"minecraft:oak_stairs":2,"minecraft:wither_rose":9,"minecraft:enchanted_book":1,"minecraft:golden_sword":133,"minecraft:string":72,"minecraft:diamond_leggings":1,"minecraft:gold_nugget":624,"minecraft:cobbled_deepslate":23,"minecraft:spruce_planks":1,"minecraft:trial_key":2,"minecraft:hopper_minecart":2,"minecraft:enchanted_golden_apple":3,"minecraft:golden_helmet":1,"minecraft:bamboo_slab":108,"minecraft:lightning_rod":1,"minecraft:bamboo_door":2,"minecraft:bamboo_block":266,"minecraft:stone_sword":16,"minecraft:armadillo_scute":7,"minecraft:iron_block":342,"minecraft:carved_pumpkin":3,"minecraft:netherite_chestplate":1,"minecraft:iron_bars":7,"minecraft:snowball":9,"minecraft:sponge":1,"minecraft:iron_door":8,"minecraft:water_bucket":4,"minecraft:flint":3,"minecraft:netherite_leggings":1,"minecraft:lantern":2,"minecraft:disc_fragment_5":2,"minecraft:light_gray_concrete_powder":3,"minecraft:gray_concrete_powder":497,"minecraft:stonecutter":1,"minecraft:diamond_helmet":1,"minecraft:glowstone_dust":3,"minecraft:stripped_spruce_log":410,"minecraft:ink_sac":22,"minecraft:barrel":65,"minecraft:black_concrete_powder":12,"minecraft:lever":2,"minecraft:granite":14,"minecraft:dark_oak_fence":4,"minecraft:mud":2,"minecraft:crafting_table":7,"minecraft:ominous_bottle":3,"minecraft:purpur_block":3,"minecraft:wind_charge":6,"minecraft:cornflower":2,"minecraft:red_bed":10,"minecraft:elytra":1,"minecraft:flint_and_steel":1,"minecraft:snow":2,"minecraft:white_carpet":2,"minecraft:white_stained_glass":13,"minecraft:cracked_stone_bricks":7,"minecraft:music_disc_otherside":1,"minecraft:poppy":11,"minecraft:spruce_slab":131,"minecraft:minecart":33,"minecraft:quartz_stairs":4,"minecraft:chest":25,"minecraft:waxed_oxidized_copper":3,"minecraft:egg":1,"minecraft:stone":11,"minecraft:oak_door":1,"minecraft:spruce_fence":11,"minecraft:carrot":1,"minecraft:redstone":91,"minecraft:netherite_pickaxe":2,"minecraft:diamond_chestplate":1,"minecraft:diamond_boots":1,"minecraft:gold_ingot":56,"minecraft:totem_of_undying":13,"minecraft:tuff_bricks":27,"minecraft:glow_berries":12,"minecraft:rail":36,"minecraft:oxeye_daisy":1,"minecraft:bamboo_stairs":9,"minecraft:yellow_shulker_box":38,"minecraft:red_mushroom":26,"minecraft:oak_log":160,"minecraft:white_banner":15,"minecraft:stone_bricks":363,"minecraft:spore_blossom":2,"minecraft:glass_bottle":6,"minecraft:dark_oak_slab":2,"minecraft:red_wool":52,"minecraft:gravel":279,"minecraft:firework_rocket":8,"minecraft:bamboo_trapdoor":27,"minecraft:slime_ball":1,"minecraft:baked_potato":3,"minecraft:hopper":26,"minecraft:ender_pearl":48,"minecraft:shulker_shell":3,"minecraft:redstone_block":2,"minecraft:potion":1,"minecraft:stone_brick_stairs":4,"minecraft:raw_copper":229,"minecraft:iron_leggings":1,"minecraft:sticky_piston":9,"minecraft:experience_bottle":1,"minecraft:comparator":2,"minecraft:bucket":2,"minecraft:redstone_torch":2,"minecraft:cobblestone_slab":5,"minecraft:furnace":2,"minecraft:stick":13,"minecraft:orange_shulker_box":3,"minecraft:deepslate_brick_wall":69,"minecraft:torch":29,"minecraft:spruce_stairs":9,"minecraft:diorite":23,"minecraft:vine":1,"minecraft:quartz_block":1,"minecraft:rotten_flesh":662,"minecraft:mangrove_roots":5,"minecraft:obsidian":27,"minecraft:cobblestone":3922,"minecraft:muddy_mangrove_roots":1,"minecraft:lilac":3,"minecraft:repeater":2,"minecraft:andesite":181,"minecraft:black_bed":12,"minecraft:beacon":6,"minecraft:wither_skeleton_skull":14,"minecraft:dirt":1882,"minecraft:name_tag":1,"minecraft:glass":19,"minecraft:bone":510,"minecraft:bow":1,"minecraft:wheat_seeds":94,"minecraft:deepslate_brick_slab":64,"minecraft:bell":15,"minecraft:grindstone":2,"minecraft:mossy_stone_bricks":23,"minecraft:bamboo":3178,"minecraft:powered_rail":33,"minecraft:oak_planks":34,"minecraft:music_disc_13":1,"minecraft:sand":763,"minecraft:grass_block":2364,"minecraft:shulker_box":21,"minecraft:mossy_cobblestone":1,"minecraft:netherite_helmet":1,"minecraft:sugar":1,"minecraft:diamond":11,"minecraft:slime_block":70,"minecraft:crossbow":8,"minecraft:breeze_rod":34,"minecraft:white_concrete":109,"minecraft:emerald":121,"minecraft:oak_sapling":1,"minecraft:netherrack":41,"minecraft:oak_leaves":120,"minecraft:nether_star":4,"minecraft:end_stone_bricks":4,"minecraft:waxed_oxidized_cut_copper":1,"minecraft:ladder":2,"minecraft:gold_block":11,"minecraft:brown_mushroom":1,"minecraft:stone_brick_wall":11,"minecraft:oak_trapdoor":4,"minecraft:stone_stairs":5,"minecraft:moss_carpet":1,"minecraft:iron_axe":2,"minecraft:candle":6,"minecraft:detector_rail":3,"minecraft:andesite_stairs":1,"minecraft:echo_shard":6,"minecraft:oak_boat":1,"minecraft:observer":15,"minecraft:sugar_cane":9,"minecraft:spruce_trapdoor":154,"minecraft:raw_iron":8,"minecraft:end_stone":73,"minecraft:copper_ingot":32,"minecraft:gray_dye":5,"minecraft:stone_button":9,"minecraft:arrow":68,"minecraft:red_shulker_box":2,"minecraft:saddle":5,"minecraft:netherite_boots":1,"minecraft:golden_carrot":1,"minecraft:leather":7,"minecraft:waxed_copper_bulb":1,"minecraft:waxed_copper_block":2,"minecraft:gunpowder":2,"minecraft:yellow_bed":3,"minecraft:cobblestone_wall":5,"minecraft:cobblestone_stairs":7,"minecraft:red_carpet":31,"minecraft:iron_ingot":43,"minecraft:cooked_chicken":3,"minecraft:soul_sand":56,"minecraft:book":344,"minecraft:scaffolding":46,"minecraft:pink_bed":2,"minecraft:bamboo_fence":1,"minecraft:emerald_block":14,"minecraft:bamboo_planks":221,"minecraft:stone_brick_slab":11,"minecraft:quartz":116,"minecraft:dandelion":12,"minecraft:tuff_slab":14,"minecraft:amethyst_shard":9,"minecraft:soul_torch":13,"minecraft:white_bed":7,"minecraft:spruce_door":8,"minecraft:spider_eye":4,"minecraft:stripped_jungle_log":7,"minecraft:mangrove_leaves":2,"minecraft:white_concrete_powder":451,"minecraft:coal":388,"minecraft:chiseled_tuff_bricks":1},"minecraft:dropped":{"minecraft:piston":4,"minecraft:oak_pressure_plate":1,"minecraft:glass_bottle":2,"minecraft:crafting_table":3,"minecraft:dark_oak_slab":2,"minecraft:crossbow":8,"minecraft:cracked_stone_bricks":4,"minecraft:elytra":3,"minecraft:rail":17,"minecraft:red_mushroom":4,"minecraft:red_carpet":12,"minecraft:emerald":1,"minecraft:red_shulker_box":1,"minecraft:dirt":964,"minecraft:dark_oak_fence":2,"minecraft:stone_button":5,"minecraft:yellow_dye":1,"minecraft:netherite_boots":3,"minecraft:cherry_leaves":1,"minecraft:gold_nugget":25,"minecraft:bone_meal":61,"minecraft:sand":51,"minecraft:sugar":1,"minecraft:white_wool":59,"minecraft:gray_dye":5,"minecraft:bone":372,"minecraft:tuff_slab":77,"minecraft:sugar_cane":7,"minecraft:lever":1,"minecraft:pink_bed":4,"minecraft:golden_chestplate":2,"minecraft:detector_rail":3,"minecraft:cobbled_deepslate":19,"minecraft:netherite_sword":3,"minecraft:pink_dye":1,"minecraft:obsidian":5,"minecraft:deepslate_brick_slab":64,"minecraft:rotten_flesh":1187,"minecraft:grindstone":2,"minecraft:oak_planks":26,"minecraft:bamboo_door":1,"minecraft:end_stone":11,"minecraft:white_bed":7,"minecraft:echo_shard":6,"minecraft:piglin_spawn_egg":1,"minecraft:charcoal":64,"minecraft:quartz_block":5,"minecraft:hopper":4,"minecraft:ladder":1,"minecraft:spruce_slab":128,"minecraft:white_dye":21,"minecraft:end_stone_bricks":4,"minecraft:glass":44,"minecraft:stone_brick_stairs":3,"minecraft:egg":1,"minecraft:iron_ingot":26,"minecraft:wolf_spawn_egg":1,"minecraft:orange_shulker_box":1,"minecraft:netherite_pickaxe":3,"minecraft:black_dye":10,"minecraft:wheat_seeds":16,"minecraft:birch_leaves":2,"minecraft:mangrove_leaves":2,"minecraft:tnt":1,"minecraft:deepslate_brick_wall":64,"minecraft:netherite_helmet":3,"minecraft:netherite_chestplate":2,"minecraft:cobblestone":1843,"minecraft:book":349,"minecraft:granite":14,"minecraft:spruce_door":4,"minecraft:stripped_jungle_log":6,"minecraft:bamboo_block":305,"minecraft:coal":16,"minecraft:cobweb":1,"minecraft:golden_carrot":1,"minecraft:sponge":1,"minecraft:diamond_helmet":2,"minecraft:potion":3,"minecraft:oak_stairs":2,"minecraft:white_banner":2,"minecraft:smooth_stone":1,"minecraft:paper":14,"minecraft:bamboo_slab":397,"minecraft:string":188,"minecraft:stone_brick_slab":2,"minecraft:bamboo_planks":607,"minecraft:furnace":2,"minecraft:moss_carpet":1,"minecraft:zombie_spawn_egg":1,"minecraft:soul_torch":13,"minecraft:stone_sword":3,"minecraft:cobblestone_wall":8,"minecraft:polished_tuff_slab":1,"minecraft:sticky_piston":2,"minecraft:white_carpet":1,"minecraft:slime_block":4,"minecraft:stone_slab":58,"minecraft:name_tag":1,"minecraft:oak_sign":1,"minecraft:shears":2,"minecraft:wolf_armor":1,"minecraft:diamond_sword":1,"minecraft:stone":81,"minecraft:spruce_trapdoor":130,"minecraft:diamond_pickaxe":1,"minecraft:yellow_bed":2,"minecraft:redstone_torch":6,"minecraft:spider_eye":4,"minecraft:stone_bricks":116,"minecraft:barrel":12,"minecraft:bamboo":458,"minecraft:light_gray_dye":9,"minecraft:bow":2,"minecraft:black_wool":2,"minecraft:bamboo_trapdoor":129,"minecraft:soul_sand":3,"minecraft:candle":8,"minecraft:diamond_axe":1,"minecraft:oak_log":157,"minecraft:baked_potato":3,"minecraft:ender_pearl":3,"minecraft:lantern":2,"minecraft:leather":7,"minecraft:red_wool":4,"minecraft:carrot_on_a_stick":1,"minecraft:cobblestone_stairs":10,"minecraft:flint":5,"minecraft:wither_skeleton_spawn_egg":1,"minecraft:packed_ice":1,"minecraft:dispenser":1,"minecraft:amethyst_shard":5,"minecraft:gold_ingot":7,"minecraft:gravel":116,"minecraft:purpur_block":3,"minecraft:mangrove_roots":5,"minecraft:diamond_shovel":2,"minecraft:stone_stairs":169,"minecraft:birch_fence_gate":1,"minecraft:carrot":110,"minecraft:shulker_shell":1,"minecraft:poppy":1374,"minecraft:gunpowder":3,"minecraft:dropper":1,"minecraft:glowstone":1,"minecraft:stone_brick_wall":24,"minecraft:chest":8,"minecraft:iron_bars":7,"minecraft:arrow":8,"minecraft:powered_rail":7,"minecraft:white_concrete_powder":404,"minecraft:scaffolding":332,"minecraft:oak_leaves":4,"minecraft:light_gray_concrete_powder":325,"minecraft:netherrack":41,"minecraft:firework_rocket":202,"minecraft:water_bucket":5,"minecraft:stripped_spruce_log":384,"minecraft:oak_slab":2,"minecraft:golden_helmet":1,"minecraft:minecart":20,"minecraft:diamond_leggings":2,"minecraft:netherite_axe":1,"minecraft:lead":2,"minecraft:observer":3,"minecraft:copper_ingot":1,"minecraft:spruce_stairs":9,"minecraft:grass_block":586,"minecraft:stick":16,"minecraft:iron_block":2,"minecraft:diorite":7,"minecraft:torch":3,"minecraft:repeater":3,"minecraft:white_concrete":30,"minecraft:yellow_shulker_box":2,"minecraft:iron_door":4,"minecraft:wither_rose":2,"minecraft:iron_axe":2,"minecraft:bucket":7,"minecraft:dandelion":3,"minecraft:redstone_block":1,"minecraft:redstone":34,"minecraft:oak_trapdoor":6,"minecraft:raw_copper":54,"minecraft:composter":1,"minecraft:comparator":3,"minecraft:bamboo_sign":2,"minecraft:totem_of_undying":1,"minecraft:netherite_leggings":2,"minecraft:flint_and_steel":2,"minecraft:muddy_mangrove_roots":1,"minecraft:bamboo_stairs":2,"minecraft:bamboo_fence":1,"minecraft:black_concrete_powder":12,"minecraft:dead_horn_coral_fan":2,"minecraft:diamond_chestplate":2,"minecraft:andesite":99,"minecraft:quartz_stairs":13,"minecraft:mossy_stone_bricks":3,"minecraft:pink_wool":1,"minecraft:oak_sapling":1,"minecraft:golden_sword":159,"minecraft:gray_concrete_powder":495,"minecraft:diamond_boots":2,"minecraft:white_stained_glass":44},"minecraft:mined":{"minecraft:red_shulker_box":1,"minecraft:white_bed":5,"minecraft:carved_pumpkin":3,"minecraft:obsidian":23,"minecraft:granite":20,"minecraft:stone_brick_wall":11,"minecraft:deepslate_bricks":2,"minecraft:chiseled_tuff_bricks":1,"minecraft:bamboo_block":5,"minecraft:hopper":31,"minecraft:cobbled_deepslate":2,"minecraft:fire":13,"minecraft:sticky_piston":11,"minecraft:barrel":76,"minecraft:moss_carpet":2,"minecraft:enchanting_table":1,"minecraft:dirt_path":170,"minecraft:oak_stairs":2,"minecraft:iron_block":342,"minecraft:tripwire":9,"minecraft:bamboo_slab":31,"minecraft:red_bed":10,"minecraft:deepslate_brick_wall":5,"minecraft:powder_snow":19,"minecraft:torch":10,"minecraft:blast_furnace":1,"minecraft:glass":46,"minecraft:sugar_cane":11,"minecraft:waxed_copper_bulb":1,"minecraft:black_concrete_powder":8,"minecraft:bamboo_planks":62,"minecraft:mud":21,"minecraft:light_gray_stained_glass":2,"minecraft:lilac":1,"minecraft:waxed_copper_block":2,"minecraft:black_bed":3,"minecraft:stone_brick_stairs":1,"minecraft:oak_fence_gate":1,"minecraft:mangrove_log":84,"minecraft:red_mushroom_block":90,"minecraft:deepslate":23,"minecraft:mossy_cobblestone":1,"minecraft:shulker_box":20,"minecraft:end_stone":77,"minecraft:dark_oak_fence":6,"minecraft:spruce_fence":12,"minecraft:orange_shulker_box":1,"minecraft:redstone_wire":6,"minecraft:white_concrete_powder":15,"minecraft:waxed_oxidized_cut_copper":1,"minecraft:snow":2,"minecraft:andesite":390,"minecraft:cobblestone_slab":5,"minecraft:vine":21,"minecraft:rail":11,"minecraft:bamboo":329,"minecraft:smithing_table":2,"minecraft:soul_sand":58,"minecraft:stone_brick_slab":3,"minecraft:observer":17,"minecraft:dandelion":1,"minecraft:light_gray_concrete_powder":3,"minecraft:short_grass":247,"minecraft:lightning_rod":1,"minecraft:tall_grass":16,"minecraft:copper_ore":40,"minecraft:diorite":51,"minecraft:mangrove_leaves":180,"minecraft:gravel":293,"minecraft:stone_bricks":399,"minecraft:chipped_anvil":1,"minecraft:infested_stone":29,"minecraft:spruce_planks":85,"minecraft:oak_sapling":1,"minecraft:spruce_trapdoor":26,"minecraft:grass_block":3445,"minecraft:white_concrete":104,"minecraft:tuff_bricks":27,"minecraft:iron_ore":2,"minecraft:potted_red_mushroom":1,"minecraft:anvil":3,"minecraft:iron_bars":11,"minecraft:end_stone_bricks":2,"minecraft:spruce_slab":3,"minecraft:quartz_block":1,"minecraft:bamboo_stairs":9,"minecraft:poppy":2,"minecraft:beacon":6,"minecraft:chest":36,"minecraft:mushroom_stem":9,"minecraft:nether_quartz_ore":48,"minecraft:cobblestone":145,"minecraft:slime_block":74,"minecraft:grindstone":2,"minecraft:oak_planks":11,"minecraft:iron_door":5,"minecraft:wall_torch":2,"minecraft:cauldron":1,"minecraft:stone_stairs":5,"minecraft:dark_oak_slab":1,"minecraft:purpur_block":4,"minecraft:oak_log":174,"minecraft:waxed_oxidized_copper":3,"minecraft:sand":682,"minecraft:dirt":3469,"minecraft:netherrack":114,"minecraft:oak_leaves":177,"minecraft:emerald_block":14,"minecraft:red_carpet":30,"minecraft:quartz_stairs":4,"minecraft:deepslate_diamond_ore":4,"minecraft:candle":5,"minecraft:oak_door":1,"minecraft:bamboo_fence":1,"minecraft:red_stained_glass":1,"minecraft:mangrove_roots":135,"minecraft:bamboo_door":2,"minecraft:stone_button":3,"minecraft:decorated_pot":2,"minecraft:white_stained_glass":32,"minecraft:mangrove_propagule":1,"minecraft:furnace":2,"minecraft:stripped_spruce_log":30,"minecraft:gold_block":11,"minecraft:bell":13,"minecraft:bookshelf":114,"minecraft:stripped_jungle_log":10,"minecraft:packed_ice":1,"minecraft:stone":5155,"minecraft:yellow_shulker_box":35,"minecraft:scaffolding":1,"minecraft:red_wool":51,"minecraft:infested_stone_bricks":6,"minecraft:spruce_door":4,"minecraft:oak_fence":35,"minecraft:crafting_table":7,"minecraft:stone_slab":11,"minecraft:sculk":1,"minecraft:spruce_stairs":26,"minecraft:bamboo_trapdoor":27,"minecraft:gray_concrete_powder":2,"minecraft:redstone_torch":1,"minecraft:bee_nest":1,"minecraft:yellow_bed":3,"minecraft:muddy_mangrove_roots":3,"minecraft:coal_ore":48,"minecraft:cracked_stone_bricks":16,"minecraft:mossy_stone_bricks":23}},"DataVersion":3953}