{"stats":{"minecraft:killed":{"minecraft:zombified_piglin":2,"minecraft:witch":4,"minecraft:spider":5,"minecraft:skeleton":6,"minecraft:bee":1,"minecraft:silverfish":3,"minecraft:cat":1,"minecraft:pig":2,"minecraft:zombie_villager":1,"minecraft:creeper":2,"minecraft:pillager":11,"minecraft:zombie":11,"minecraft:evoker":1,"minecraft:vex":10,"minecraft:bogged":8,"minecraft:vindicator":8,"minecraft:warden":1,"minecraft:husk":6,"minecraft:wandering_trader":1,"minecraft:ravager":2},"minecraft:custom":{"minecraft:animals_bred":2,"minecraft:interact_with_crafting_table":54,"minecraft:open_barrel":1,"minecraft:open_shulker_box":29,"minecraft:bell_ring":18,"minecraft:leave_game":11,"minecraft:time_since_death":91030,"minecraft:damage_resisted":2538,"minecraft:sprint_one_cm":1828453,"minecraft:drop":131,"minecraft:talked_to_villager":2,"minecraft:play_time":1162604,"minecraft:deaths":16,"minecraft:jump":8400,"minecraft:walk_on_water_one_cm":156865,"minecraft:interact_with_furnace":25,"minecraft:interact_with_loom":23,"minecraft:sleep_in_bed":32,"minecraft:damage_dealt":14103,"minecraft:interact_with_beacon":3,"minecraft:crouch_one_cm":439094,"minecraft:mob_kills":88,"minecraft:interact_with_anvil":6,"minecraft:inspect_hopper":8,"minecraft:climb_one_cm":10017,"minecraft:walk_one_cm":2567681,"minecraft:raid_win":1,"minecraft:sneak_time":118737,"minecraft:walk_under_water_one_cm":265727,"minecraft:total_world_time":1162604,"minecraft:raid_trigger":1,"minecraft:time_since_rest":91060,"minecraft:damage_taken":14109,"minecraft:damage_absorbed":159,"minecraft:swim_one_cm":19038,"minecraft:fly_one_cm":2792961,"minecraft:open_chest":314,"minecraft:pig_one_cm":1860,"minecraft:aviate_one_cm":4651241,"minecraft:fall_one_cm":292353},"minecraft:broken":{"minecraft:crossbow":1},"minecraft:crafted":{"minecraft:oak_planks":388,"minecraft:cobblestone_slab":48,"minecraft:oak_sign":3,"minecraft:cobblestone_stairs":636,"minecraft:stone":155,"minecraft:stone_brick_slab":30,"minecraft:chest":2,"minecraft:stone_bricks":1972,"minecraft:crafting_table":2,"minecraft:birch_planks":108,"minecraft:stone_brick_stairs":136,"minecraft:stick":4,"minecraft:iron_ingot":9,"minecraft:gold_ingot":45,"minecraft:stone_brick_wall":24,"minecraft:furnace":1,"minecraft:flint_and_steel":2,"minecraft:cobblestone_wall":72,"minecraft:bucket":1,"minecraft:air":0,"minecraft:golden_apple":4,"minecraft:oak_stairs":32,"minecraft:white_bed":1},"minecraft:used":{"minecraft:tuff_bricks":7,"minecraft:oak_sign":1,"minecraft:elytra":23,"minecraft:white_concrete_powder":2664,"minecraft:chest":3,"minecraft:white_terracotta":348,"minecraft:stone":2,"minecraft:quartz_stairs":7,"minecraft:carrot":174,"minecraft:obsidian":31,"minecraft:glass":50,"minecraft:waxed_oxidized_copper":1,"minecraft:lime_banner":5,"minecraft:lantern":7,"minecraft:grass_block":94,"minecraft:orange_shulker_box":5,"minecraft:gray_concrete_powder":3,"minecraft:stone_brick_stairs":293,"minecraft:stone_bricks":1628,"minecraft:item_frame":5,"minecraft:netherite_boots":1,"minecraft:bow":160,"minecraft:ominous_bottle":1,"minecraft:oak_sapling":4,"minecraft:furnace":2,"minecraft:gold_block":123,"minecraft:dragon_head":1,"minecraft:deepslate_brick_wall":2,"minecraft:bamboo_trapdoor":8,"minecraft:end_rod":12,"minecraft:wither_skeleton_skull":3,"minecraft:red_stained_glass":1,"minecraft:oak_planks":1114,"minecraft:smooth_quartz_stairs":14,"minecraft:golden_apple":2,"minecraft:loom":2,"minecraft:black_banner":15,"minecraft:crossbow":4,"minecraft:stone_brick_wall":50,"minecraft:gray_concrete":355,"minecraft:black_bed":11,"minecraft:black_concrete_powder":469,"minecraft:lever":5,"minecraft:black_concrete":2577,"minecraft:firework_rocket":245,"minecraft:birch_slab":9,"minecraft:light_gray_concrete":907,"minecraft:white_stained_glass":2,"minecraft:chain":5,"minecraft:air":1,"minecraft:white_concrete":3136,"minecraft:bamboo_mosaic_slab":18,"minecraft:bone_meal":3,"minecraft:experience_bottle":2,"minecraft:oak_fence":33,"minecraft:oak_trapdoor":57,"minecraft:netherite_sword":313,"minecraft:flint_and_steel":10,"minecraft:polished_blackstone_wall":11,"minecraft:trial_key":1,"minecraft:oak_door":4,"minecraft:torch":120,"minecraft:cobblestone_wall":83,"minecraft:shulker_box":1,"minecraft:birch_door":4,"minecraft:waxed_exposed_copper_door":1,"minecraft:stone_brick_slab":32,"minecraft:oak_stairs":687,"minecraft:totem_of_undying":4,"minecraft:glowstone":25,"minecraft:golden_carrot":27,"minecraft:netherite_pickaxe":4301,"minecraft:light_gray_bed":1,"minecraft:yellow_banner":10,"minecraft:water_bucket":484,"minecraft:cobblestone_stairs":988,"minecraft:birch_planks":649,"minecraft:lead":5,"minecraft:netherite_chestplate":22,"minecraft:cobblestone_slab":17,"minecraft:oak_slab":165,"minecraft:crafting_table":8,"minecraft:white_bed":1,"minecraft:light_gray_concrete_powder":506,"minecraft:painting":21,"minecraft:oak_log":199,"minecraft:black_wool":1,"minecraft:diamond_shovel":317,"minecraft:wind_charge":5,"minecraft:netherite_axe":308,"minecraft:spruce_trapdoor":18,"minecraft:cobblestone":796,"minecraft:potion":2,"minecraft:white_banner":2,"minecraft:red_banner":38,"minecraft:bucket":441,"minecraft:glass_pane":54,"minecraft:gray_wool":2,"minecraft:birch_stairs":29,"minecraft:soul_torch":21},"minecraft:killed_by":{"minecraft:creeper":1,"minecraft:player":1,"minecraft:warden":6},"minecraft:picked_up":{"minecraft:flower_pot":1,"minecraft:lead":13,"minecraft:diamond_sword":1,"minecraft:oak_stairs":27,"minecraft:potion":2,"minecraft:stone_brick_stairs":171,"minecraft:polished_deepslate_wall":6,"minecraft:raw_copper":32,"minecraft:oak_sign":1,"minecraft:diamond_leggings":1,"minecraft:cobbled_deepslate":127,"minecraft:trial_key":1,"minecraft:red_dye":60,"minecraft:cobblestone_slab":9,"minecraft:tipped_arrow":5,"minecraft:golden_helmet":3,"minecraft:stick":22,"minecraft:orange_shulker_box":6,"minecraft:torch":8,"minecraft:porkchop":4,"minecraft:waxed_weathered_copper_bulb":1,"minecraft:diorite":4,"minecraft:bamboo_block":1,"minecraft:rotten_flesh":49,"minecraft:armadillo_scute":3,"minecraft:netherite_chestplate":2,"minecraft:obsidian":4,"minecraft:cobblestone":1512,"minecraft:birch_log":29,"minecraft:water_bucket":2,"minecraft:flint":4,"minecraft:tuff":12,"minecraft:wither_skeleton_skull":3,"minecraft:netherite_leggings":1,"minecraft:gray_concrete":1,"minecraft:dirt":39,"minecraft:light_gray_concrete_powder":325,"minecraft:gray_concrete_powder":3,"minecraft:bone":34,"minecraft:bow":5,"minecraft:wheat_seeds":8,"minecraft:netherite_axe":1,"minecraft:diamond_helmet":1,"minecraft:bamboo":11,"minecraft:scrape_pottery_sherd":1,"minecraft:oak_planks":70,"minecraft:loom":1,"minecraft:grass_block":173,"minecraft:shulker_box":1,"minecraft:light_gray_concrete":561,"minecraft:black_concrete_powder":533,"minecraft:sugar":6,"minecraft:black_concrete":106,"minecraft:netherite_helmet":2,"minecraft:waxed_oxidized_copper_grate":6,"minecraft:crossbow":6,"minecraft:bone_meal":1,"minecraft:golden_apple":1,"minecraft:white_concrete":874,"minecraft:emerald":19,"minecraft:bread":3,"minecraft:oak_sapling":9,"minecraft:diamond_pickaxe":1,"minecraft:waxed_oxidized_cut_copper":2,"minecraft:crafting_table":5,"minecraft:ominous_bottle":2,"minecraft:stone_brick_wall":26,"minecraft:gold_block":34,"minecraft:dragon_head":2,"minecraft:brick":34,"minecraft:wind_charge":2,"minecraft:cornflower":2,"minecraft:oak_trapdoor":1,"minecraft:elytra":2,"minecraft:iron_axe":1,"minecraft:flint_and_steel":1,"minecraft:item_frame":5,"minecraft:glass_pane":1,"minecraft:candle":3,"minecraft:netherite_sword":6,"minecraft:chiseled_tuff":1,"minecraft:observer":1,"minecraft:poppy":4,"minecraft:sugar_cane":6,"minecraft:quartz_stairs":4,"minecraft:chest":1,"minecraft:waxed_oxidized_copper":1,"minecraft:stone":4,"minecraft:flow_pottery_sherd":1,"minecraft:carrot":18,"minecraft:redstone":21,"minecraft:netherite_pickaxe":3,"minecraft:arrow":41,"minecraft:diamond_chestplate":1,"minecraft:deepslate_bricks":2,"minecraft:diamond_boots":1,"minecraft:saddle":4,"minecraft:totem_of_undying":2,"minecraft:tuff_bricks":23,"minecraft:rail":23,"minecraft:oxeye_daisy":1,"minecraft:netherite_boots":2,"minecraft:golden_carrot":1,"minecraft:birch_planks":1,"minecraft:waxed_copper_bulb":1,"minecraft:oak_log":124,"minecraft:waxed_copper_block":3,"minecraft:gunpowder":6,"minecraft:cobblestone_wall":49,"minecraft:cobblestone_stairs":478,"minecraft:white_banner":4,"minecraft:apple":6,"minecraft:stone_bricks":167,"minecraft:iron_ingot":5,"minecraft:cooked_chicken":2,"minecraft:bamboo_planks":1,"minecraft:stone_brick_slab":31,"minecraft:dandelion":2,"minecraft:gravel":22,"minecraft:soul_torch":6,"minecraft:red_banner":15,"minecraft:spider_eye":3,"minecraft:firework_rocket":128,"minecraft:diamond_shovel":2,"minecraft:lime_dye":1,"minecraft:white_concrete_powder":1352,"minecraft:diamond_axe":1,"minecraft:gray_wool":2,"minecraft:baked_potato":3,"minecraft:chiseled_tuff_bricks":4},"minecraft:dropped":{"minecraft:porkchop":4,"minecraft:birch_planks":1,"minecraft:ominous_bottle":1,"minecraft:oak_log":1,"minecraft:baked_potato":3,"minecraft:glass_bottle":2,"minecraft:crossbow":1,"minecraft:honeycomb":1,"minecraft:cobblestone_stairs":144,"minecraft:flint":1,"minecraft:gold_block":1,"minecraft:dirt":5,"minecraft:scrape_pottery_sherd":1,"minecraft:bone_meal":1,"minecraft:sugar":6,"minecraft:birch_log":2,"minecraft:birch_stairs":1,"minecraft:gold_ingot":1,"minecraft:bone":4,"minecraft:gravel":14,"minecraft:chiseled_tuff_bricks":2,"minecraft:cobbled_deepslate":127,"minecraft:netherite_sword":4,"minecraft:rotten_flesh":44,"minecraft:oak_planks":18,"minecraft:lime_dye":1,"minecraft:carrot":3,"minecraft:waxed_copper_block":3,"minecraft:tipped_arrow":1,"minecraft:gunpowder":8,"minecraft:stone_brick_wall":21,"minecraft:glass":9,"minecraft:arrow":1,"minecraft:chiseled_tuff":1,"minecraft:white_concrete_powder":303,"minecraft:stone_brick_stairs":3,"minecraft:light_gray_concrete_powder":309,"minecraft:water_bucket":2,"minecraft:netherite_pickaxe":2,"minecraft:wheat_seeds":3,"minecraft:golden_helmet":3,"minecraft:netherite_axe":1,"minecraft:netherite_chestplate":1,"minecraft:oak_fence":1,"minecraft:cobblestone":4,"minecraft:lead":2,"minecraft:bamboo_block":1,"minecraft:grass_block":56,"minecraft:stick":2,"minecraft:oxeye_daisy":1,"minecraft:torch":3,"minecraft:waxed_weathered_copper_bulb":1,"minecraft:white_concrete":86,"minecraft:waxed_copper_bulb":1,"minecraft:oak_stairs":1,"minecraft:red_dye":60,"minecraft:bucket":1,"minecraft:dandelion":1,"minecraft:redstone":14,"minecraft:oak_trapdoor":2,"minecraft:flow_pottery_sherd":1,"minecraft:cobblestone_wall":51,"minecraft:raw_copper":32,"minecraft:bamboo_hanging_sign":4,"minecraft:tuff":12,"minecraft:glass_pane":2,"minecraft:flint_and_steel":2,"minecraft:deepslate_bricks":2,"minecraft:cobblestone_slab":18,"minecraft:stone":6,"minecraft:flower_pot":1,"minecraft:quartz_stairs":4,"minecraft:waxed_oxidized_cut_copper":2,"minecraft:bamboo":1,"minecraft:stone_bricks":1,"minecraft:gray_concrete_powder":2,"minecraft:bow":4,"minecraft:waxed_oxidized_copper_grate":6,"minecraft:brick":34},"minecraft:mined":{"minecraft:dragon_wall_head":1,"minecraft:oak_sapling":1,"minecraft:cobblestone_stairs":545,"minecraft:obsidian":5,"minecraft:grass_block":209,"minecraft:stone_brick_wall":6,"minecraft:white_concrete":910,"minecraft:chiseled_tuff_bricks":2,"minecraft:bamboo_block":1,"minecraft:tuff_bricks":24,"minecraft:spawner":1,"minecraft:tall_seagrass":39,"minecraft:dragon_head":1,"minecraft:azure_bluet":1,"minecraft:sculk_shrieker":1,"minecraft:oak_stairs":27,"minecraft:light_gray_concrete":598,"minecraft:iron_block":1,"minecraft:soul_wall_torch":1,"minecraft:poppy":5,"minecraft:chest":1,"minecraft:wither_skeleton_wall_skull":2,"minecraft:cobblestone":364,"minecraft:sugar_cane":3,"minecraft:oak_planks":76,"minecraft:wall_torch":4,"minecraft:seagrass":16,"minecraft:waxed_copper_bulb":1,"minecraft:black_concrete_powder":1,"minecraft:birch_log":29,"minecraft:lilac":1,"minecraft:waxed_copper_block":3,"minecraft:stone_brick_stairs":177,"minecraft:oak_log":133,"minecraft:waxed_oxidized_copper":1,"minecraft:loom":1,"minecraft:dirt":91,"minecraft:polished_deepslate_wall":7,"minecraft:oak_leaves":11,"minecraft:deepslate":131,"minecraft:tuff":12,"minecraft:quartz_stairs":2,"minecraft:shulker_box":1,"minecraft:decorated_pot":9,"minecraft:orange_shulker_box":6,"minecraft:white_concrete_powder":4,"minecraft:waxed_oxidized_cut_copper":2,"minecraft:black_concrete":59,"minecraft:gold_block":37,"minecraft:bell":1,"minecraft:chiseled_tuff":1,"minecraft:cobblestone_slab":11,"minecraft:rail":3,"minecraft:bamboo":2,"minecraft:waxed_weathered_copper_bulb":1,"minecraft:stone":1083,"minecraft:gray_concrete":2,"minecraft:glass_pane":3,"minecraft:soul_torch":5,"minecraft:stone_brick_slab":32,"minecraft:dandelion":1,"minecraft:crafting_table":5,"minecraft:cornflower":1,"minecraft:short_grass":4,"minecraft:copper_ore":2,"minecraft:diorite":5,"minecraft:gray_wool":2,"minecraft:birch_planks":1,"minecraft:cobblestone_wall":42,"minecraft:waxed_oxidized_copper_grate":6,"minecraft:ice":1,"minecraft:red_wall_banner":15,"minecraft:flower_pot":1,"minecraft:gravel":18,"minecraft:stone_bricks":193,"minecraft:infested_stone":3}},"DataVersion":3953}