{"stats":{"minecraft:crafted":{"minecraft:oak_planks":560,"minecraft:hopper":9,"minecraft:stone_brick_slab":54,"minecraft:chest":15,"minecraft:stone_bricks":2772,"minecraft:oak_slab":12,"minecraft:emerald":2,"minecraft:crafting_table":2,"minecraft:paper":63,"minecraft:gold_ingot":288,"minecraft:netherite_ingot":6,"minecraft:composter":1,"minecraft:shears":3,"minecraft:furnace":2,"minecraft:bone_meal":222,"minecraft:oak_trapdoor":32,"minecraft:netherite_chestplate":1,"minecraft:iron_hoe":1,"minecraft:netherite_scrap":27,"minecraft:white_stained_glass":312,"minecraft:bread":6,"minecraft:air":0,"minecraft:oak_boat":1,"minecraft:white_wool":79,"minecraft:golden_apple":2,"minecraft:white_dye":64,"minecraft:white_bed":25,"minecraft:firework_rocket":189},"minecraft:picked_up":{"minecraft:black_carpet":34,"minecraft:redstone_block":1,"minecraft:anvil":1,"minecraft:lead":4,"minecraft:potion":9,"minecraft:turtle_egg":1,"minecraft:golden_sword":36,"minecraft:music_disc_cat":2,"minecraft:string":5,"minecraft:gold_nugget":209,"minecraft:comparator":2,"minecraft:redstone_torch":5,"minecraft:wooden_shovel":1,"minecraft:mangrove_log":9,"minecraft:tipped_arrow":2,"minecraft:stick":20,"minecraft:orange_shulker_box":7,"minecraft:torch":6,"minecraft:porkchop":3,"minecraft:diorite":15,"minecraft:rotten_flesh":285,"minecraft:mangrove_roots":27,"minecraft:netherite_chestplate":1,"minecraft:obsidian":15,"minecraft:snowball":14,"minecraft:cobblestone":177,"minecraft:birch_log":7,"minecraft:repeater":2,"minecraft:water_bucket":1,"minecraft:andesite":36,"minecraft:flint":36,"minecraft:netherite_leggings":1,"minecraft:dirt":861,"minecraft:glass":2,"minecraft:bone":16,"minecraft:stonecutter":2,"minecraft:bow":3,"minecraft:wheat_seeds":29,"minecraft:bamboo":10,"minecraft:powered_rail":10,"minecraft:sand":364,"minecraft:barrel":4,"minecraft:netherite_helmet":1,"minecraft:lever":5,"minecraft:golden_apple":2,"minecraft:bread":3,"minecraft:oak_sapling":32,"minecraft:netherrack":13,"minecraft:oak_leaves":302,"minecraft:crafting_table":1,"minecraft:packed_ice":2,"minecraft:gold_block":2,"minecraft:shield":1,"minecraft:moss_carpet":1,"minecraft:elytra":1,"minecraft:netherite_sword":2,"minecraft:andesite_stairs":2,"minecraft:oak_boat":1,"minecraft:poppy":82,"minecraft:sugar_cane":28,"minecraft:chest":12,"minecraft:birch_sapling":2,"minecraft:stone":8,"minecraft:stone_button":1,"minecraft:carrot":1093,"minecraft:redstone":16,"minecraft:netherite_pickaxe":1,"minecraft:allay_spawn_egg":4,"minecraft:arrow":23,"minecraft:rail":3,"minecraft:netherite_boots":1,"minecraft:birch_leaves":36,"minecraft:yellow_shulker_box":8,"minecraft:leather":10,"minecraft:oak_log":140,"minecraft:lily_pad":1,"minecraft:ancient_debris":27,"minecraft:stone_bricks":205,"minecraft:apple":3,"minecraft:kelp":10,"minecraft:music_disc_far":1,"minecraft:iron_ingot":132,"minecraft:soul_sand":5,"minecraft:scaffolding":30,"minecraft:oak_slab":1,"minecraft:gravel":89,"minecraft:amethyst_shard":1,"minecraft:white_bed":30,"minecraft:spider_eye":2,"minecraft:mangrove_leaves":4,"minecraft:firework_rocket":39,"minecraft:diamond_shovel":1,"minecraft:slime_ball":385,"minecraft:short_grass":2,"minecraft:diamond_axe":1,"minecraft:mangrove_propagule":4,"minecraft:hopper":6,"minecraft:ender_pearl":70},"minecraft:used":{"minecraft:dispenser":6,"minecraft:diamond_hoe":404,"minecraft:oak_sign":23,"minecraft:black_carpet":383,"minecraft:chest":111,"minecraft:stone":294,"minecraft:zombie_spawn_egg":11,"minecraft:soul_sand":30,"minecraft:nether_bricks":138,"minecraft:carrot":574,"minecraft:obsidian":271,"minecraft:glass":150,"minecraft:packed_ice":11,"minecraft:lava_bucket":10,"minecraft:villager_spawn_egg":23,"minecraft:grass_block":179,"minecraft:orange_shulker_box":6,"minecraft:hopper_minecart":21,"minecraft:stone_bricks":3156,"minecraft:netherite_boots":1,"minecraft:repeater":24,"minecraft:magma_block":12,"minecraft:bow":176,"minecraft:scaffolding":67,"minecraft:furnace":4,"minecraft:chiseled_polished_blackstone":127,"minecraft:wither_skeleton_skull":6,"minecraft:powered_rail":238,"minecraft:oak_planks":79,"minecraft:blackstone":1,"minecraft:ender_pearl":30,"minecraft:composter":8,"minecraft:redstone_block":38,"minecraft:diamond_axe":294,"minecraft:sugar_cane":220,"minecraft:oak_leaves":237,"minecraft:netherite_leggings":1,"minecraft:netherite_helmet":1,"minecraft:sponge":14,"minecraft:note_block":2,"minecraft:shears":396,"minecraft:redstone_torch":29,"minecraft:sticky_piston":23,"minecraft:lever":12,"minecraft:firework_rocket":362,"minecraft:mace":3,"minecraft:bread":67,"minecraft:string":7,"minecraft:stone_button":6,"minecraft:diamond_sword":232,"minecraft:grindstone":3,"minecraft:smithing_table":1,"minecraft:white_stained_glass":1555,"minecraft:smooth_stone_slab":4,"minecraft:oak_boat":1,"minecraft:bone_meal":244,"minecraft:cobweb":3,"minecraft:oak_trapdoor":25,"minecraft:oak_fence":6,"minecraft:netherite_sword":396,"minecraft:iron_bars":4,"minecraft:flint_and_steel":35,"minecraft:carved_pumpkin":11,"minecraft:armor_stand":3,"minecraft:redstone":64,"minecraft:tinted_glass":103,"minecraft:wooden_shovel":2,"minecraft:oak_door":1,"minecraft:torch":90,"minecraft:dirt":278,"minecraft:anvil":3,"minecraft:hopper":184,"minecraft:cobblestone_wall":153,"minecraft:allay_spawn_egg":146,"minecraft:oak_fence_gate":13,"minecraft:iron_hoe":88,"minecraft:iron_block":34,"minecraft:oak_stairs":13,"minecraft:slime_block":67,"minecraft:glowstone":5,"minecraft:minecart":5,"minecraft:netherite_pickaxe":287,"minecraft:observer":35,"minecraft:turtle_egg":7,"minecraft:water_bucket":582,"minecraft:snow_block":5,"minecraft:yellow_shulker_box":7,"minecraft:andesite_slab":20,"minecraft:fletching_table":21,"minecraft:stonecutter":4,"minecraft:rail":16,"minecraft:comparator":17,"minecraft:vine":6,"minecraft:oak_slab":18,"minecraft:tnt":109,"minecraft:crafting_table":4,"minecraft:campfire":20,"minecraft:white_bed":31,"minecraft:piston":56,"minecraft:diamond_pickaxe":284,"minecraft:diamond_shovel":2180,"minecraft:stone_slab":210,"minecraft:cobblestone":62,"minecraft:potion":11,"minecraft:andesite_stairs":28,"minecraft:bucket":50,"minecraft:kelp":12,"minecraft:jukebox":2},"minecraft:killed":{"minecraft:zombified_piglin":1,"minecraft:spider":3,"minecraft:wither":2,"minecraft:skeleton":5,"minecraft:silverfish":37,"minecraft:cat":1,"minecraft:pig":1,"minecraft:iron_golem":3,"minecraft:creeper":1,"minecraft:trader_llama":4,"minecraft:zombie":11,"minecraft:cow":1,"minecraft:bogged":4,"minecraft:allay":49,"minecraft:slime":251,"minecraft:snow_golem":1,"minecraft:wandering_trader":2,"minecraft:enderman":225},"minecraft:custom":{"minecraft:interact_with_crafting_table":26,"minecraft:open_shulker_box":34,"minecraft:leave_game":25,"minecraft:time_since_death":5743,"minecraft:sprint_one_cm":311884,"minecraft:drop":311,"minecraft:talked_to_villager":7,"minecraft:play_time":867562,"minecraft:deaths":4,"minecraft:jump":2956,"minecraft:walk_on_water_one_cm":165146,"minecraft:interact_with_furnace":8,"minecraft:play_record":3,"minecraft:traded_with_villager":3,"minecraft:sleep_in_bed":19,"minecraft:open_enderchest":1,"minecraft:damage_dealt":36887,"minecraft:crouch_one_cm":253350,"minecraft:inspect_dispenser":11,"minecraft:interact_with_smithing_table":2,"minecraft:inspect_dropper":7,"minecraft:mob_kills":3930,"minecraft:interact_with_anvil":3,"minecraft:inspect_hopper":34,"minecraft:climb_one_cm":15394,"minecraft:walk_one_cm":1306571,"minecraft:sneak_time":71436,"minecraft:walk_under_water_one_cm":73600,"minecraft:boat_one_cm":245,"minecraft:total_world_time":939790,"minecraft:tune_noteblock":14,"minecraft:time_since_rest":5767,"minecraft:damage_taken":4575,"minecraft:minecart_one_cm":57,"minecraft:swim_one_cm":186,"minecraft:fly_one_cm":1669783,"minecraft:open_chest":476,"minecraft:aviate_one_cm":6060272,"minecraft:fall_one_cm":68649},"minecraft:mined":{"minecraft:white_bed":5,"minecraft:obsidian":2,"minecraft:grass_block":1069,"minecraft:composter":1,"minecraft:hopper":11,"minecraft:barrel":4,"minecraft:black_carpet":5,"minecraft:dirt_path":45,"minecraft:blackstone":1,"minecraft:chest":16,"minecraft:cobblestone":4,"minecraft:birch_log":7,"minecraft:oak_log":153,"minecraft:sand":393,"minecraft:dirt":501,"minecraft:mangrove_log":9,"minecraft:netherrack":44,"minecraft:ancient_debris":27,"minecraft:oak_leaves":369,"minecraft:mangrove_roots":47,"minecraft:orange_shulker_box":6,"minecraft:white_stained_glass":27,"minecraft:oak_trapdoor":1,"minecraft:carrots":108,"minecraft:andesite":36,"minecraft:gold_block":3,"minecraft:vine":4,"minecraft:rail":2,"minecraft:packed_ice":9,"minecraft:bamboo":1,"minecraft:stone":190,"minecraft:yellow_shulker_box":7,"minecraft:crafting_table":1,"minecraft:short_grass":63,"minecraft:tall_grass":11,"minecraft:lily_pad":1,"minecraft:diorite":15,"minecraft:birch_leaves":41,"minecraft:mangrove_leaves":4,"minecraft:gravel":129,"minecraft:stone_bricks":211},"minecraft:dropped":{"minecraft:short_grass":2,"minecraft:porkchop":3,"minecraft:glass_bottle":6,"minecraft:dirt":41,"minecraft:gold_nugget":4,"minecraft:amethyst_shard":2,"minecraft:birch_log":7,"minecraft:bone":7,"minecraft:gravel":86,"minecraft:blackstone":1,"minecraft:netherite_sword":1,"minecraft:birch_sapling":2,"minecraft:rotten_flesh":278,"minecraft:white_bed":25,"minecraft:carrot":261,"minecraft:poppy":101,"minecraft:tipped_arrow":1,"minecraft:campfire":1,"minecraft:scaffolding":6,"minecraft:oak_leaves":7,"minecraft:netherrack":11,"minecraft:iron_ingot":126,"minecraft:bread":4,"minecraft:orange_shulker_box":1,"minecraft:oak_slab":2,"minecraft:wheat_seeds":10,"minecraft:birch_leaves":18,"minecraft:mangrove_leaves":1,"minecraft:tnt":1,"minecraft:mangrove_propagule":4,"minecraft:oak_fence":1,"minecraft:cobblestone":62,"minecraft:turtle_egg":1,"minecraft:iron_block":1,"minecraft:diorite":15,"minecraft:sponge":1,"minecraft:torch":1,"minecraft:yellow_shulker_box":1,"minecraft:potion":9,"minecraft:string":72,"minecraft:redstone_block":1,"minecraft:anvil":1,"minecraft:allay_spawn_egg":5,"minecraft:stone_slab":1,"minecraft:shears":2,"minecraft:flint_and_steel":1,"minecraft:stone":3,"minecraft:andesite":36,"minecraft:oak_sapling":22,"minecraft:wooden_shovel":2,"minecraft:carved_pumpkin":1,"minecraft:golden_sword":146,"minecraft:barrel":4,"minecraft:stone_bricks":66,"minecraft:bow":4},"minecraft:killed_by":{"minecraft:zombie":1,"minecraft:spider":1}},"DataVersion":3953}