{"stats":{"minecraft:picked_up":{"minecraft:azure_bluet":5,"minecraft:lilac":17,"minecraft:andesite":37,"minecraft:diamond_sword":1,"minecraft:oak_stairs":1,"minecraft:flint":6,"minecraft:oak_log":203,"minecraft:cornflower":14,"minecraft:dirt":14,"minecraft:elytra":1,"minecraft:bone":23,"minecraft:stone_bricks":5,"minecraft:candle":2,"minecraft:wheat_seeds":2,"minecraft:poppy":337,"minecraft:oak_planks":1,"minecraft:soul_sand":1,"minecraft:egg":1,"minecraft:book":349,"minecraft:pink_bed":4,"minecraft:oak_slab":2,"minecraft:stick":6,"minecraft:oak_door":1,"minecraft:oak_fence":6,"minecraft:torch":2,"minecraft:dandelion":36,"minecraft:oak_pressure_plate":3,"minecraft:gravel":47,"minecraft:carrot":57,"minecraft:firework_rocket":63,"minecraft:arrow":4,"minecraft:oak_sapling":9,"minecraft:diamond_pickaxe":1,"minecraft:white_wool":51,"minecraft:cobblestone":82,"minecraft:oxeye_daisy":4},"minecraft:mined":{"minecraft:oak_slab":2,"minecraft:pink_bed":2,"minecraft:oak_door":1,"minecraft:dandelion":36,"minecraft:oak_fence":6,"minecraft:cornflower":14,"minecraft:torch":1,"minecraft:chiseled_bookshelf":1,"minecraft:short_grass":11,"minecraft:grass_block":6,"minecraft:poppy":17,"minecraft:oak_pressure_plate":3,"minecraft:oak_planks":1,"minecraft:oxeye_daisy":4,"minecraft:wall_torch":1,"minecraft:lilac":17,"minecraft:andesite":49,"minecraft:azure_bluet":6,"minecraft:oak_log":77,"minecraft:oak_stairs":1,"minecraft:gravel":54,"minecraft:dirt":8,"minecraft:stone_bricks":5,"minecraft:stone":173,"minecraft:oak_leaves":9},"minecraft:dropped":{"minecraft:wheat_seeds":1,"minecraft:cobblestone":1,"minecraft:diamond_sword":1,"minecraft:diamond_pickaxe":1},"minecraft:used":{"minecraft:oak_fence":6,"minecraft:chiseled_bookshelf":4,"minecraft:oak_planks":6,"minecraft:poppy":39,"minecraft:chest":1,"minecraft:diamond_axe":61,"minecraft:torch":1,"minecraft:dirt":14,"minecraft:oak_slab":2,"minecraft:crafting_table":1,"minecraft:carrot":17,"minecraft:azure_bluet":4,"minecraft:oak_log":70,"minecraft:cornflower":12,"minecraft:diamond_pickaxe":247,"minecraft:firework_rocket":4,"minecraft:oxeye_daisy":3,"minecraft:bookshelf":2,"minecraft:oak_stairs":3,"minecraft:oak_pressure_plate":3,"minecraft:gravel":36,"minecraft:lilac":14,"minecraft:barrel":6,"minecraft:stone_bricks":4,"minecraft:pink_bed":2,"minecraft:diamond_sword":2,"minecraft:cobblestone":33,"minecraft:furnace":2,"minecraft:andesite":37,"minecraft:dandelion":36},"minecraft:crafted":{"minecraft:red_dye":1,"minecraft:oak_slab":48,"minecraft:oak_planks":176,"minecraft:cobblestone_slab":6,"minecraft:barrel":6,"minecraft:crafting_table":1,"minecraft:oak_pressure_plate":7,"minecraft:furnace":2,"minecraft:bookshelf":5,"minecraft:painting":1,"minecraft:oak_trapdoor":4,"minecraft:stick":4,"minecraft:cobblestone_wall":6,"minecraft:chiseled_bookshelf":5,"minecraft:oak_stairs":4,"minecraft:chest":1,"minecraft:light_gray_dye":1,"minecraft:magenta_dye":2,"minecraft:oak_fence":3},"minecraft:custom":{"minecraft:mob_kills":1,"minecraft:interact_with_crafting_table":28,"minecraft:leave_game":6,"minecraft:time_since_death":427855,"minecraft:sleep_in_bed":6,"minecraft:damage_resisted":240,"minecraft:time_since_rest":304939,"minecraft:sprint_one_cm":115665,"minecraft:damage_taken":560,"minecraft:walk_one_cm":1322771,"minecraft:drop":4,"minecraft:damage_dealt":70,"minecraft:fly_one_cm":44581,"minecraft:open_chest":16,"minecraft:play_time":427855,"minecraft:aviate_one_cm":39858,"minecraft:jump":1848,"minecraft:walk_on_water_one_cm":40,"minecraft:total_world_time":427855,"minecraft:fall_one_cm":23461}},"DataVersion":3953}